path,archive_kind,bytes,sha256,parse_status,parse_error,nbformat,kernel_name,kernel_display_name,cells,code_cells,executed_code_cells,code_cells_with_outputs
artifacts/raw/orange_diff/notebooks/DecisionBoundary.ipynb,raw,1685458,180f956fafb010266654246e4ea6b0496ae029c0b54e7aab2126693224a17467,valid-json,,4,difflogic_env,ExpLogic,26,16,16,12
artifacts/raw/orange_diff/notebooks/DiffLogicTrainer.ipynb,raw,2320514,ca6da5ccf66598fb5736c6e58a9dce6c6601acfdad7b8ed589fc58a3998de046,valid-json,,4,deep-learning,SalgadoDeepLearning,97,67,62,38
artifacts/raw/orange_diff/notebooks/MiniNets.ipynb,raw,1147396,49f52addffb73c5dbb4377dbfcc54c3ea508d1e2080bc73c148e0a714bfec325,valid-json,,4,explogic_env,EXPLOGIC,66,46,42,19
artifacts/raw/orange_diff/notebooks/config/csv_to_yaml_mnist.ipynb,raw,3652,db06a73a69f552f225441b9063a2ad4a81a45abd6813e49241654c7aca041408,valid-json,,4,difflogic_env,DIFFLOGIC,2,2,2,1
artifacts/raw/orange_diff/notebooks/tests/BinaryVsContinuous.ipynb,raw,1586538,b58dd83b73291f06de3acf9171a44c5c0a4778e157c360472e03ba12e2438c5d,valid-json,,4,difflogic_env,DIFFLOGIC,45,32,32,18
artifacts/raw/orange_diff/notebooks/tests/DiffLogicSwitchingProbability.ipynb,raw,1155354,5e5fc93ed3a79d79b8900c57ea65c790a5a2146c37e5a6b1022e2ef092f3376a,valid-json,,4,difflogic_env,ExpLogic,37,26,25,16
artifacts/raw/orange_eco/notebooks/Main.ipynb,raw,689813,65f89f95c8b17d4216baa5f36d8a25e032ee5aadf15b48ed3cb85dec1c1785d0,valid-json,,4,difflogic_env,ExpLogic,41,23,23,10
artifacts/raw/orange_exp/notebooks/Analysis.ipynb,raw,341325,f67b3854da2ee1b4a282ee7a264d46c496463347a4aca5d476cae5b64369b157,valid-json,,4,difflogic_env,ExpLogic,23,22,19,15
artifacts/raw/orange_exp/notebooks/DecisionBoundary_wormald.ipynb,raw,1700400,7e1daa5df9de3486fe0f91eb295fc2ef7ad0a76b730a5bef3076aae7ecd1a0fa,valid-json,,4,difflogic_env,ExpLogic,58,48,21,16
artifacts/raw/orange_exp/notebooks/DiffLogicSwitchingProbability_wormald.ipynb,raw,1310054,2b87fa34b13dd1f88b7700374d16840bf4b31f40dbfdd3e4ff1d98c2ca42467c,valid-json,,4,difflogic,DIFFLOGIC,171,143,26,20
artifacts/raw/orange_exp/notebooks/DiffLogicTrainer.ipynb,raw,2320503,cb574da9364a50a3cf3837902f202104557b4955e2fec3672e19b53add433ae9,valid-json,,4,difflogic_env,ExpLogic,97,67,62,38
artifacts/raw/orange_exp/notebooks/Main.ipynb,raw,755788,9bfc1d80f81ab4e36061a2f647dfa349b8bbd249874717627b4d852c86330d76,valid-json,,4,explogic_env,EXPLOGIC,136,77,72,33
artifacts/raw/orange_exp/notebooks/TestMain.ipynb,raw,603603,7fb74ab5c9b637cb00b85812c7b3ffa4a9f2928cf68bc0ca3d868097b037afa4,valid-json,,4,difflogic_env,ExpLogic,63,39,25,13
artifacts/raw/orange_exp/notebooks/config/csv_to_yaml_mnist.ipynb,raw,3770,705fc349b63ab615239b751a1c740cb03e610f89027a67c8cf466d861f219dca,valid-json,,4,difflogic,DIFFLOGIC,2,2,2,1
artifacts/raw/orange_fpga_backup2/notebooks/Main.ipynb,raw,14595,07511f75427a60a725799e5aa3d95e353bdfca8aec1a2a33c4d4b93dd903e1d6,valid-json,,4,difflogic_env,ExpLogic,21,9,1,0
artifacts/raw/orange_fpga_backup2/notebooks/csv_to_yaml_mnist.ipynb,raw,3126,d6952127857fe0bfda8b16e32235720c6bce701ae94c36287a14f8c34752f6a1,valid-json,,4,difflogic_env,DIFFLOGIC,1,1,1,1
artifacts/raw/orange_fpga_past/notebooks/Main.ipynb,raw,14595,07511f75427a60a725799e5aa3d95e353bdfca8aec1a2a33c4d4b93dd903e1d6,valid-json,,4,difflogic_env,ExpLogic,21,9,1,0
artifacts/raw/orange_fpga_past/notebooks/csv_to_yaml_mnist.ipynb,raw,3126,d6952127857fe0bfda8b16e32235720c6bce701ae94c36287a14f8c34752f6a1,valid-json,,4,difflogic_env,DIFFLOGIC,1,1,1,1
artifacts/raw/orange_skeptic/notebooks/DELIVERABLE/DiffLogicFinal.ipynb,raw,563424,73eb56f7f37a598168e39fcd6b84f96413a7b3ac6d0b117e232e5d54482a31e7,valid-json,,4,difflogic_env,DIFFLOGIC,39,17,14,9
artifacts/raw/orange_skeptic/notebooks/DELIVERABLE/config/csv_to_yaml_mnist.ipynb,raw,3181,7c770310a07ca700c74ead8d8bbb7000ddb5dd50aabfea0a5fa88189b32d0007,valid-json,,4,difflogic_env,DIFFLOGIC,1,1,1,1
artifacts/raw/orange_skeptic/notebooks/Demo.ipynb,raw,197257,016fda67612da5d0f99045875ee5250d4ceeb40bcb5091128c05da8a8cc53671,valid-json,,4,difflogic_env,DIFFLOGIC,125,81,36,42
artifacts/raw/orange_skeptic/notebooks/DiffLogicClass.ipynb,raw,27410,1729a4224f04dba6c885cb2d24d0d8d6c9a7dc95026ca3bd5546ccec471bfd5e,valid-json,,4,difflogic_env,DIFFLOGIC,20,5,5,1
artifacts/raw/orange_skeptic/notebooks/MNIST-DIFFLOGIC/DiffLogicFinal.ipynb,raw,694627,0d8ec989b9529aea2de67c059b72b511f67977d70f2c002c166835513a5d9870,valid-json,,4,difflogic_env,DIFFLOGIC,39,18,15,9
artifacts/raw/orange_skeptic/notebooks/MNIST-DIFFLOGIC/Mnist20x20ClassMultiple.ipynb,raw,64639,65afab271f43c2baff6b64c3fdbec2b6fe416429756b44ca99b54a0fb581bdf5,valid-json,,4,difflogic_env,DIFFLOGIC,8,6,6,4
artifacts/raw/orange_skeptic/notebooks/MNIST-DIFFLOGIC/Mnist20x20ClassSingle.ipynb,raw,64680,e41adcdfbe803a2a3e85a38639abedc0a33688d0628fe5f8f509aefbf134b184,valid-json,,4,difflogic_env,DIFFLOGIC,8,6,6,4
artifacts/raw/orange_skeptic/notebooks/MNIST-DIFFLOGIC/MnistClassSingle.ipynb,raw,49081,bf28beb90f5aefd60e07a7bd89780f112508d06ccf1b974cb40e05a88f97453f,valid-json,,4,difflogic_env,DIFFLOGIC,7,5,5,4
artifacts/raw/orange_skeptic/notebooks/MNIST-DIFFLOGIC/MnistTrainer.ipynb,raw,609399,afb034bf093a2dd41ca58632e14638554b507401148fd26065803a213df5afdb,valid-json,,4,difflogic_env,DIFFLOGIC,47,23,17,10
artifacts/raw/orange_skeptic/notebooks/MNIST-DIFFLOGIC/config/csv_to_yaml_mnist.ipynb,raw,3181,7c770310a07ca700c74ead8d8bbb7000ddb5dd50aabfea0a5fa88189b32d0007,valid-json,,4,difflogic_env,DIFFLOGIC,1,1,1,1
artifacts/raw/orange_skeptic/notebooks/OTHER/TestingGraphs.ipynb,raw,211477,af7263928eb63f71fd8eb9dd1eee651e129ce80b219e133b37428029f0781879,valid-json,,4,difflogic_env,DIFFLOGIC,10,8,7,5
artifacts/raw/orange_skeptic/notebooks/OTHER/requirements/other/DiffLogicClassBACKUP.ipynb,raw,29818,7d080e92978545968c241aba2fbe7c392767aa410641607131627b9c05561bcc,valid-json,,4,difflogic_env,DIFFLOGIC,16,8,6,0
artifacts/raw/orange_skeptic/notebooks/SKEPTIC/SkepticTrainer.ipynb,raw,703535,f62067783f977bde92b8f16a23b497784dd698ed0aa24ad9ce708553d36339ba,valid-json,,4,difflogic_env,DIFFLOGIC,33,18,18,11
artifacts/raw/orange_skeptic/notebooks/SKEPTIC/config/csv_to_yaml_skeptic.ipynb,raw,3414,ad0ff3824b94aae8ea1dee80a343eb475d81a876ddd4be7703b4efac8e10e9df,valid-json,,4,difflogic_env,DIFFLOGIC,2,1,1,1
artifacts/raw/orange_skeptic/notebooks/SkepticWorkflowConfig.ipynb,raw,124974,8261538e5945af20554463b19ced4f9bdf3c2a2fddbff5fbb087fef8fd7815cd,valid-json,,4,difflogic_env,DIFFLOGIC,74,45,43,22
artifacts/raw/orange_skeptic/notebooks/SkepticWorkflowNotebook.ipynb,raw,171902,13f95c6b3bda81e02df10b1f1803d41f0410d19bbcea2f9fad96e3fb9ba10ecb,valid-json,,4,difflogic_env,DIFFLOGIC,75,46,44,26
artifacts/raw/orange_thesis/notebooks/Main.ipynb,raw,247844,85fad630a097de3c1c2389c187b417239755eb3438e34a924cbba9eeb7b645c1,valid-json,,4,explogic_env,EXPLOGIC,104,61,56,24
artifacts/raw/orange_thesis/notebooks/MainExperiments.ipynb,raw,14819,1aba9260468407ace6a8e917f54543f90db5385305408b19b1c746c337c3a58d,valid-json,,4,explogic_env,EXPLOGIC,5,5,2,1
artifacts/raw/orange_thesis/notebooks/OldMain.ipynb,raw,318863,d2cb018e05c01208d9488eb6795234d2b36c5100a939dcfe6480b7e3d5ecc51a,valid-json,,4,difflogic_env,ExpLogic,84,45,25,17
artifacts/raw/orange_thesis/notebooks/StephenMain.ipynb,raw,753814,ddce203de6f5c2052ce5864ce3e2b547125360582251ec2ece00c039eb409321,valid-json,,4,explogic_env,EXPLOGIC,134,79,70,33
artifacts/raw/orange_thesis/notebooks/Untitled.ipynb,raw,82978,5d625c969ff564435ee2199e7fb0e0893748576e0ca24e462e598db90f2c4ba0,valid-json,,4,difflogic_env,ExpLogic,28,20,18,9
artifacts/raw/orange_visualizer/notebooks/model-training/LogoIdeation.ipynb,raw,18406146,fdce1b6e3ca06f4d9c9247abcd6f1c55c1ff557758545753894b29df83279b18,invalid-notebook,JSONDecodeError,,,,0,0,0,0
artifacts/raw/orange_visualizer/notebooks/model-training/cpu_difflogic.ipynb,raw,63768,dc8695e5910d6631adcda7abda7019408c09584d2127e0a5cf1d9f9a8e8a08e4,valid-json,,4,explogic_env,EXPLOGIC,28,15,15,7
artifacts/raw/orange_visualizer/notebooks/model-training/train_main.ipynb,raw,375306,5b751f7da187244a6c45ac71640507283775f9678b2a426b85c44764f545b25e,valid-json,,4,explogic_env,EXPLOGIC,34,22,22,13
artifacts/sanitized/orange_visualizer/LogoIdeation.ipynb,sanitized,34134081,762fe7c7ed1ce4dcfea2e654ef77c0b0a8d8b2af32cbd8b694229296c1a43390,valid-json,,4,logos_env,Logo Creation Kernel,37,25,22,16
