restricted_path,bytes,sha256,origin_host,original_path,owner,group,mode,preservation_repository,publication_status
artifacts/raw/blue_explogic/fashion_mnist_timing/times_10000.csv,2517744,443fda236b3333b7cf31cf97b88a703e1f54c5b00ded91fd4c2c131f76d0a3bc,HiPerGator,/blue/woodard/stephen.wormald/project/DiffLogic/0_eXpLogic/DIFFLOGIC/fmnist_mininet_outputs/times_10000.csv,stephen.wormald,woodard,0644,matheusmaldaner/UndergradThesisRestrictedArchive (private),restricted-pending-permission
artifacts/raw/blue_explogic/fashion_mnist_timing/times_20000.csv,2518941,0e3b04e0236d0671d62243595bd8485820082c98ec828952de602bc7bafd4024,HiPerGator,/blue/woodard/stephen.wormald/project/DiffLogic/0_eXpLogic/DIFFLOGIC/fmnist_mininet_outputs/times_20000.csv,stephen.wormald,woodard,0644,matheusmaldaner/UndergradThesisRestrictedArchive (private),restricted-pending-permission
artifacts/raw/blue_explogic/fashion_mnist_timing/times_30000.csv,2519806,6048566dde4b38c4023276be3f7bcbed2833a0bbfbfb1e36ea4aaa432b4cd7f5,HiPerGator,/blue/woodard/stephen.wormald/project/DiffLogic/0_eXpLogic/DIFFLOGIC/fmnist_mininet_outputs/times_30000.csv,stephen.wormald,woodard,0644,matheusmaldaner/UndergradThesisRestrictedArchive (private),restricted-pending-permission
artifacts/raw/blue_explogic/fashion_mnist_timing/times_40000.csv,2518819,f2cf47a453e9a60ac1589ad9a28ee81b352c5f03aa46e5d3a203fef28762b1ee,HiPerGator,/blue/woodard/stephen.wormald/project/DiffLogic/0_eXpLogic/DIFFLOGIC/fmnist_mininet_outputs/times_40000.csv,stephen.wormald,woodard,0644,matheusmaldaner/UndergradThesisRestrictedArchive (private),restricted-pending-permission
artifacts/raw/blue_explogic/fashion_mnist_timing/times_50000.csv,2518901,da7946e13efa660578fa91908971afaddde28bb925fb345a0aa50b3ea1c68a39,HiPerGator,/blue/woodard/stephen.wormald/project/DiffLogic/0_eXpLogic/DIFFLOGIC/fmnist_mininet_outputs/times_50000.csv,stephen.wormald,woodard,0644,matheusmaldaner/UndergradThesisRestrictedArchive (private),restricted-pending-permission
artifacts/raw/blue_explogic/mininet_predictions/model_000_test_preds_8919.csv,593412,b8a230b1bd304375c562585ad67ec023dbbc53beee5f1be517f3900427f650cc,HiPerGator,/blue/woodard/stephen.wormald/project/DiffLogic/0_eXpLogic/DIFFLOGIC/mininets/model_000_test_preds_8919.csv,stephen.wormald,woodard,0644,matheusmaldaner/UndergradThesisRestrictedArchive (private),restricted-pending-permission
artifacts/raw/blue_explogic/mininet_predictions/model_000_train_preds_54209.csv,3657003,d4fa2528b7cbe2a31f40927ad59c1f90b6b3993617bbd594565f5a67e6e303d5,HiPerGator,/blue/woodard/stephen.wormald/project/DiffLogic/0_eXpLogic/DIFFLOGIC/mininets/model_000_train_preds_54209.csv,stephen.wormald,woodard,0644,matheusmaldaner/UndergradThesisRestrictedArchive (private),restricted-pending-permission
artifacts/raw/blue_explogic/mininet_predictions/model_001_test_preds_8919.csv,590535,6b31d711dbb86b274a3e558c7029855fe3d1ddb7d1e3b9b8487da157eb4a2432,HiPerGator,/blue/woodard/stephen.wormald/project/DiffLogic/0_eXpLogic/DIFFLOGIC/mininets/model_001_test_preds_8919.csv,stephen.wormald,woodard,0644,matheusmaldaner/UndergradThesisRestrictedArchive (private),restricted-pending-permission
artifacts/raw/blue_explogic/mininet_predictions/model_001_train_preds_54209.csv,3641061,2932eedebb09d096f2e97ac34ea8e43e59ecb2fe811c16cdab0cfd225042d5ca,HiPerGator,/blue/woodard/stephen.wormald/project/DiffLogic/0_eXpLogic/DIFFLOGIC/mininets/model_001_train_preds_54209.csv,stephen.wormald,woodard,0644,matheusmaldaner/UndergradThesisRestrictedArchive (private),restricted-pending-permission
artifacts/raw/blue_explogic/mininet_predictions/model_002_test_preds_8919.csv,593136,0624f2f9a17fd5597abc303242c654ecda233f5a60f4d8f74c59c2187efd0924,HiPerGator,/blue/woodard/stephen.wormald/project/DiffLogic/0_eXpLogic/DIFFLOGIC/mininets/model_002_test_preds_8919.csv,stephen.wormald,woodard,0644,matheusmaldaner/UndergradThesisRestrictedArchive (private),restricted-pending-permission
artifacts/raw/blue_explogic/mininet_predictions/model_002_train_preds_54209.csv,3656533,3edf204121d527a905a2344b06ba730af39024487caaea53142f82093a9b245e,HiPerGator,/blue/woodard/stephen.wormald/project/DiffLogic/0_eXpLogic/DIFFLOGIC/mininets/model_002_train_preds_54209.csv,stephen.wormald,woodard,0644,matheusmaldaner/UndergradThesisRestrictedArchive (private),restricted-pending-permission
artifacts/raw/blue_explogic/mininet_predictions/model_003_test_preds_8919.csv,592301,0c41aa387967c57c33dfaa39451ac4c100b62bb9478fcee6add7633acf238e02,HiPerGator,/blue/woodard/stephen.wormald/project/DiffLogic/0_eXpLogic/DIFFLOGIC/mininets/model_003_test_preds_8919.csv,stephen.wormald,woodard,0644,matheusmaldaner/UndergradThesisRestrictedArchive (private),restricted-pending-permission
artifacts/raw/blue_explogic/mininet_predictions/model_003_train_preds_54209.csv,3651390,5721396a18d02dcdc058c8b0a2e2e5cc2d764eecf4038746e013fc56be44bbc3,HiPerGator,/blue/woodard/stephen.wormald/project/DiffLogic/0_eXpLogic/DIFFLOGIC/mininets/model_003_train_preds_54209.csv,stephen.wormald,woodard,0644,matheusmaldaner/UndergradThesisRestrictedArchive (private),restricted-pending-permission
artifacts/raw/blue_explogic/notebooks/DIFFLOGIC/Analysis.ipynb,342853,7b7f2c91d4cd594d1f5baabebd8a6cad24d4c72d8bbc9dde3d1b9da9a704585c,HiPerGator,/blue/woodard/stephen.wormald/project/DiffLogic/0_eXpLogic/DIFFLOGIC/Analysis.ipynb,stephen.wormald,woodard,0644,matheusmaldaner/UndergradThesisRestrictedArchive (private),restricted-pending-permission
artifacts/raw/blue_explogic/notebooks/DIFFLOGIC/CipharDataset.ipynb,1455585,9997b8413c822fdda5d7e3554b3b9259423b73648260aa15387658f55448f995,HiPerGator,/blue/woodard/stephen.wormald/project/DiffLogic/0_eXpLogic/DIFFLOGIC/CipharDataset.ipynb,stephen.wormald,woodard,0644,matheusmaldaner/UndergradThesisRestrictedArchive (private),restricted-pending-permission
artifacts/raw/blue_explogic/notebooks/DIFFLOGIC/Class_Prototypes.ipynb,4227234,020e56fa4aec116301b34de667635f63a27165a46c737860a208397b67b06085,HiPerGator,/blue/woodard/stephen.wormald/project/DiffLogic/0_eXpLogic/DIFFLOGIC/Class_Prototypes.ipynb,stephen.wormald,woodard,0644,matheusmaldaner/UndergradThesisRestrictedArchive (private),restricted-pending-permission
artifacts/raw/blue_explogic/notebooks/DIFFLOGIC/DecisionBoundary_wormald.ipynb,1700397,f8977645b21a36ef3cf5e0c8e04fdb0334965360f87bff274ef6220f38dc59bd,HiPerGator,/blue/woodard/stephen.wormald/project/DiffLogic/0_eXpLogic/DIFFLOGIC/DecisionBoundary_wormald.ipynb,stephen.wormald,woodard,0644,matheusmaldaner/UndergradThesisRestrictedArchive (private),restricted-pending-permission
artifacts/raw/blue_explogic/notebooks/DIFFLOGIC/DiffLogicSwitchingProbability_wormald-ciphar.ipynb,2764738,a3c8dc20ab198e258cce1c22f2ae18e3add24caf31c72e62f0f5e70c8be05708,HiPerGator,/blue/woodard/stephen.wormald/project/DiffLogic/0_eXpLogic/DIFFLOGIC/DiffLogicSwitchingProbability_wormald-ciphar.ipynb,stephen.wormald,woodard,0644,matheusmaldaner/UndergradThesisRestrictedArchive (private),restricted-pending-permission
artifacts/raw/blue_explogic/notebooks/DIFFLOGIC/DiffLogicSwitchingProbability_wormald.ipynb,1311195,fba736730fe339e4e6acff26756881db5155f60797d6ff3ff4fb4e507ba0a848,HiPerGator,/blue/woodard/stephen.wormald/project/DiffLogic/0_eXpLogic/DIFFLOGIC/DiffLogicSwitchingProbability_wormald.ipynb,stephen.wormald,woodard,0644,matheusmaldaner/UndergradThesisRestrictedArchive (private),restricted-pending-permission
artifacts/raw/blue_explogic/notebooks/DIFFLOGIC/DiffLogicTrainer.ipynb,1435762,1c7d5c8a987e66579382ee86b447c7068e5648ea4c1232c346eff24ffb6ebf97,HiPerGator,/blue/woodard/stephen.wormald/project/DiffLogic/0_eXpLogic/DIFFLOGIC/DiffLogicTrainer.ipynb,stephen.wormald,woodard,0644,matheusmaldaner/UndergradThesisRestrictedArchive (private),restricted-pending-permission
artifacts/raw/blue_explogic/notebooks/DIFFLOGIC/Main.ipynb,678227,07021a8ea38ad51531843074412e7f9df89bdd618286fc5d3d4e9c8fc3350443,HiPerGator,/blue/woodard/stephen.wormald/project/DiffLogic/0_eXpLogic/DIFFLOGIC/Main.ipynb,stephen.wormald,woodard,0644,matheusmaldaner/UndergradThesisRestrictedArchive (private),restricted-pending-permission
artifacts/raw/blue_explogic/notebooks/DIFFLOGIC/MiniNets_wormald.ipynb,649369,45007a6e35f9c3ce698158937423a9f507cd15f8057d07d59c19b858c9d7a40b,HiPerGator,/blue/woodard/stephen.wormald/project/DiffLogic/0_eXpLogic/DIFFLOGIC/MiniNets_wormald.ipynb,stephen.wormald,woodard,0644,matheusmaldaner/UndergradThesisRestrictedArchive (private),restricted-pending-permission
artifacts/raw/blue_explogic/notebooks/DIFFLOGIC/MiniNets_wormald_09.31.24.ipynb,453062,025f5b957b482fa30bdb42faa9b520d54397cda599099aec4e34485a8bd22306,HiPerGator,/blue/woodard/stephen.wormald/project/DiffLogic/0_eXpLogic/DIFFLOGIC/MiniNets_wormald_09.31.24.ipynb,stephen.wormald,woodard,0644,matheusmaldaner/UndergradThesisRestrictedArchive (private),restricted-pending-permission
artifacts/raw/blue_explogic/notebooks/DIFFLOGIC/MiniNets_wormald_10.14.24.ipynb,470450,03a8a40dcad24f753d762b3ff0735c1017492e566759f5c86f52a8abfad4b488,HiPerGator,/blue/woodard/stephen.wormald/project/DiffLogic/0_eXpLogic/DIFFLOGIC/MiniNets_wormald_10.14.24.ipynb,stephen.wormald,woodard,0644,matheusmaldaner/UndergradThesisRestrictedArchive (private),restricted-pending-permission
artifacts/raw/blue_explogic/notebooks/DIFFLOGIC/MiniNets_wormald_10.31.24.ipynb,97720,c5c2d18e14ab35d0dd7e18fa75454b6588682a8f89c7e2a2b275fcf397c4d9d1,HiPerGator,/blue/woodard/stephen.wormald/project/DiffLogic/0_eXpLogic/DIFFLOGIC/MiniNets_wormald_10.31.24.ipynb,stephen.wormald,woodard,0644,matheusmaldaner/UndergradThesisRestrictedArchive (private),restricted-pending-permission
artifacts/raw/blue_explogic/notebooks/DIFFLOGIC/config/csv_to_yaml_mnist.ipynb,3652,db06a73a69f552f225441b9063a2ad4a81a45abd6813e49241654c7aca041408,HiPerGator,/blue/woodard/stephen.wormald/project/DiffLogic/0_eXpLogic/DIFFLOGIC/config/csv_to_yaml_mnist.ipynb,stephen.wormald,woodard,0644,matheusmaldaner/UndergradThesisRestrictedArchive (private),restricted-pending-permission
artifacts/raw/blue_explogic/notebooks/Main.ipynb,736380,d595b2bce20e04cc03a6e3ea37fc58bb83802c7c2e5b2ba28090db8cf5226946,HiPerGator,/blue/woodard/stephen.wormald/project/DiffLogic/0_eXpLogic/Main.ipynb,stephen.wormald,woodard,0644,matheusmaldaner/UndergradThesisRestrictedArchive (private),restricted-pending-permission
artifacts/raw/blue_explogic/notebooks/MiniNets_wormald_09.31.24.ipynb,597877,727ff96242e0293989e374815113b2aa2dbcbfa7a4a2ceb9c502bf5852e537a5,HiPerGator,/blue/woodard/stephen.wormald/project/DiffLogic/0_eXpLogic/MiniNets_wormald_09.31.24.ipynb,stephen.wormald,woodard,0644,matheusmaldaner/UndergradThesisRestrictedArchive (private),restricted-pending-permission
artifacts/raw/blue_explogic/notebooks/Timing.ipynb,448502,6ace667d310029630e32b3b71b9d30db24fe8d81fd48ca4bbc1495b2ca44b039,HiPerGator,/blue/woodard/stephen.wormald/project/DiffLogic/0_eXpLogic/Timing.ipynb,stephen.wormald,woodard,0644,matheusmaldaner/UndergradThesisRestrictedArchive (private),restricted-pending-permission
artifacts/raw/blue_explogic/notebooks/config/csv_to_yaml_mnist.ipynb,3770,705fc349b63ab615239b751a1c740cb03e610f89027a67c8cf466d861f219dca,HiPerGator,/blue/woodard/stephen.wormald/project/DiffLogic/0_eXpLogic/config/csv_to_yaml_mnist.ipynb,stephen.wormald,woodard,0644,matheusmaldaner/UndergradThesisRestrictedArchive (private),restricted-pending-permission
